entropia_ultrasonic,temp_cpu,cpu_percent,ram_percent,espai_sd_percent,cam_variacio,estat
24.23,88.6,56.1,47.0,22.5,69.98,ERROR_ULTRASONIC_TEMP_CAM
19.8,45.7,14.7,38.4,37.6,42.15,OK
21.58,67.4,47.7,32.3,83.6,26.63,ERROR_ULTRASONIC
7.96,91.3,59.9,99.2,85.1,54.88,ERROR_TEMP_RAM_CAM
17.89,82.6,13.4,98.9,83.5,39.61,ERROR_RAM
9.91,68.6,29.3,94.3,6.4,51.46,ERROR_CAM
10.92,55.8,97.3,21.2,90.7,4.88,PRECAUCIO_CPU
6.7,89.8,27.3,78.3,86.8,2.53,ERROR_TEMP
15.34,87.6,57.2,30.2,81.4,8.66,ERROR_TEMP
10.64,91.3,14.0,58.2,3.7,15.28,ERROR_TEMP_SD
21.34,69.2,27.5,99.7,27.7,51.95,ERROR_ULTRASONIC_RAM_CAM
9.52,82.5,48.2,37.6,73.0,10.9,PRECAUCIO_TEMP
11.92,91.0,25.0,82.5,8.2,8.79,ERROR_TEMP
4.17,85.5,42.0,22.8,8.9,28.36,ERROR_TEMP
16.53,71.3,72.0,24.5,36.6,43.48,PRECAUCIO_TEMP
5.39,57.8,95.8,33.0,78.4,4.4,PRECAUCIO_CPU
7.33,49.7,38.1,95.0,83.9,22.22,PRECAUCIO_RAM
24.53,59.0,33.6,21.7,5.2,8.06,ERROR_ULTRASONIC
9.5,75.3,83.2,89.8,1.4,14.36,ERROR_SD
16.24,50.8,45.1,97.0,54.7,59.48,ERROR_RAM_CAM
5.42,72.7,95.2,36.3,98.7,57.49,ERROR_CAM
24.93,55.4,39.1,75.9,50.9,10.49,ERROR_ULTRASONIC
22.79,63.0,31.8,22.3,4.3,32.43,ERROR_ULTRASONIC_SD
8.04,67.4,80.7,36.0,60.6,69.94,ERROR_CAM
1.89,63.3,19.6,57.7,2.2,25.48,ERROR_SD
22.01,54.5,17.6,86.5,65.5,19.22,ERROR_ULTRASONIC
3.24,76.4,38.0,27.0,78.6,42.11,PRECAUCIO_TEMP
23.78,86.6,68.7,41.1,82.0,47.29,ERROR_ULTRASONIC_TEMP
15.27,52.2,31.6,79.1,40.8,41.4,OK
20.79,55.3,71.5,20.1,82.5,27.72,ERROR_ULTRASONIC
24.45,74.2,58.9,83.6,8.5,20.8,ERROR_ULTRASONIC
1.96,43.6,75.1,45.4,33.9,53.47,ERROR_CAM
10.43,69.6,14.8,60.2,50.0,15.79,OK
5.96,74.4,86.8,76.1,52.0,48.49,PRECAUCIO_TEMP_CPU
18.69,69.8,91.4,56.0,67.3,17.59,PRECAUCIO_CPU
13.65,88.8,49.8,58.6,1.7,21.91,ERROR_TEMP_SD
23.24,85.7,50.1,76.5,1.9,36.27,ERROR_ULTRASONIC_TEMP_SD
22.02,82.6,31.5,28.1,92.1,32.77,ERROR_ULTRASONIC
14.07,93.3,18.2,61.6,24.1,2.0,ERROR_TEMP
15.94,46.7,98.6,99.4,36.8,45.95,ERROR_RAM
10.24,54.4,72.6,94.0,97.6,19.63,PRECAUCIO_RAM
11.0,76.2,53.2,94.4,79.0,56.27,ERROR_CAM
8.34,63.1,12.5,61.3,38.9,52.08,ERROR_CAM
24.74,79.8,56.2,99.7,18.9,7.11,ERROR_ULTRASONIC_RAM
1.46,65.9,59.9,50.0,34.1,8.19,OK
24.35,66.2,84.0,52.8,10.4,29.79,ERROR_ULTRASONIC
11.55,46.7,52.6,21.2,59.8,38.93,OK
23.13,71.4,75.1,43.2,11.4,37.97,ERROR_ULTRASONIC
7.88,61.2,94.1,80.3,33.0,65.07,ERROR_CAM
16.94,51.6,22.0,64.2,51.8,2.64,OK
4.7,86.1,35.0,79.3,18.5,46.6,ERROR_TEMP
1.73,40.7,80.7,73.4,65.4,6.06,OK
4.93,52.3,17.4,78.4,69.9,42.04,OK
7.48,42.2,24.4,68.6,80.1,51.51,ERROR_CAM
8.63,49.5,54.9,92.6,29.9,65.83,ERROR_CAM
22.11,79.3,76.3,25.6,11.6,15.88,ERROR_ULTRASONIC
9.4,54.8,54.5,68.6,83.7,49.22,OK
8.89,84.0,26.4,85.0,8.6,5.74,PRECAUCIO_TEMP_SD
22.22,90.4,44.3,31.0,37.1,48.52,ERROR_ULTRASONIC_TEMP
10.26,43.7,19.5,97.9,61.2,60.66,ERROR_RAM_CAM
21.24,78.1,77.8,88.5,77.5,57.57,ERROR_ULTRASONIC_CAM
9.93,78.3,35.0,57.5,1.7,0.88,ERROR_SD
17.3,87.2,64.9,68.8,12.2,8.73,ERROR_TEMP
1.09,61.8,25.1,71.6,33.6,5.46,OK
2.27,46.5,27.0,95.3,37.8,65.67,ERROR_RAM_CAM
18.36,55.8,84.9,26.7,49.7,69.48,ERROR_CAM
16.8,55.7,97.4,76.4,37.4,22.17,PRECAUCIO_CPU
12.3,51.1,30.0,82.6,31.3,40.17,OK
9.29,80.9,47.4,48.5,41.3,9.82,PRECAUCIO_TEMP
8.92,82.0,76.7,27.5,74.0,60.31,ERROR_CAM
15.9,43.5,24.1,66.3,26.5,10.71,OK
0.37,90.1,68.1,89.5,93.0,40.88,ERROR_ULTRASONIC_TEMP
19.75,63.8,23.0,46.5,67.1,25.6,OK
16.52,87.7,28.5,61.2,85.7,33.17,ERROR_TEMP
3.6,61.2,57.0,20.5,9.3,15.53,PRECAUCIO_SD
21.07,52.8,70.1,92.2,63.2,12.83,ERROR_ULTRASONIC
10.2,84.3,85.7,93.5,17.2,48.43,PRECAUCIO_TEMP_CPU_RAM
17.4,46.0,86.7,58.3,32.4,43.22,PRECAUCIO_CPU
18.81,68.0,22.9,77.6,69.0,65.55,ERROR_CAM
13.26,43.6,37.3,83.2,98.9,10.04,OK
21.33,42.5,79.1,82.5,0.2,7.03,ERROR_ULTRASONIC_SD
8.52,75.3,58.8,21.8,86.3,39.6,PRECAUCIO_TEMP
20.22,68.1,78.4,52.8,96.0,46.76,ERROR_ULTRASONIC
21.46,67.4,65.0,20.3,47.5,25.37,ERROR_ULTRASONIC
12.97,61.8,73.2,40.3,98.0,45.96,OK
15.56,67.1,42.1,82.5,5.9,22.04,PRECAUCIO_SD
1.62,51.9,32.4,36.1,67.8,1.93,OK
22.21,40.6,28.6,78.4,63.7,40.43,ERROR_ULTRASONIC
13.26,66.7,37.9,35.3,27.2,59.23,ERROR_CAM
23.62,65.1,95.8,35.4,64.0,32.95,ERROR_ULTRASONIC
5.12,46.5,51.3,58.0,75.8,19.63,OK
10.01,59.4,45.3,22.3,50.1,5.02,OK
22.35,55.9,90.3,99.2,74.9,29.08,ERROR_ULTRASONIC_RAM
18.96,87.7,98.6,60.3,4.4,49.02,ERROR_TEMP_SD
18.26,69.8,43.3,27.3,10.7,37.92,PRECAUCIO_SD
16.43,68.2,91.4,72.9,70.6,9.1,PRECAUCIO_CPU
0.31,84.7,35.5,28.6,53.8,17.78,ERROR_ULTRASONIC
20.75,88.7,64.8,94.1,31.6,26.66,ERROR_ULTRASONIC_TEMP
19.06,82.4,28.6,91.6,91.9,58.32,ERROR_CAM
3.02,78.8,40.9,31.3,98.8,54.3,ERROR_CAM
11.27,66.7,62.5,48.5,44.5,8.66,OK
13.95,48.2,34.3,60.8,61.1,53.07,ERROR_CAM
11.12,68.7,56.0,27.9,84.3,39.23,OK
16.75,94.3,30.3,57.1,43.2,48.7,ERROR_TEMP
13.09,65.2,52.0,58.2,78.9,30.87,OK
21.11,65.8,85.3,62.7,18.2,64.26,ERROR_ULTRASONIC_CAM
14.62,82.6,78.4,86.7,13.5,53.93,ERROR_CAM
1.63,41.4,91.8,51.7,72.0,13.58,PRECAUCIO_CPU
21.68,48.3,53.8,83.0,44.8,66.95,ERROR_ULTRASONIC_CAM
19.57,72.6,18.0,60.6,52.2,25.84,PRECAUCIO_TEMP
9.54,87.6,61.5,86.2,95.9,6.38,ERROR_TEMP
18.51,66.2,48.9,38.4,69.8,28.39,OK
15.1,60.7,92.9,52.3,19.3,5.39,PRECAUCIO_CPU
12.3,52.7,81.1,33.7,3.3,39.95,ERROR_SD
12.89,49.8,34.6,37.3,55.8,66.96,ERROR_CAM
11.18,89.2,19.0,61.6,71.8,47.06,ERROR_TEMP
5.28,94.2,78.6,74.7,57.2,34.24,ERROR_TEMP
24.63,58.5,59.9,44.7,43.3,20.17,ERROR_ULTRASONIC
12.17,53.8,19.3,44.8,88.7,65.05,ERROR_CAM
7.74,76.8,21.3,37.1,63.0,49.1,PRECAUCIO_TEMP
17.02,53.3,12.4,32.5,34.2,66.19,ERROR_CAM
23.11,93.7,25.5,87.0,9.6,24.69,ERROR_ULTRASONIC_TEMP
5.18,86.1,66.9,78.2,54.0,45.53,ERROR_TEMP
3.19,84.9,22.5,34.3,84.9,40.61,PRECAUCIO_TEMP
13.14,78.4,67.8,73.6,62.7,13.79,PRECAUCIO_TEMP
19.92,86.9,25.2,54.5,60.4,26.13,ERROR_TEMP
18.74,60.2,94.6,22.6,15.6,0.96,PRECAUCIO_CPU
24.65,75.0,80.5,24.0,33.5,47.43,ERROR_ULTRASONIC
6.46,91.3,40.7,66.5,61.5,30.59,ERROR_TEMP
6.93,85.5,13.4,23.2,55.0,38.27,ERROR_TEMP
4.82,53.5,28.2,27.5,56.2,41.28,OK
23.5,87.6,92.8,21.0,78.8,8.64,ERROR_ULTRASONIC_TEMP
15.6,56.6,85.7,72.9,90.1,37.03,PRECAUCIO_CPU
16.24,64.2,53.3,33.4,54.4,51.17,ERROR_CAM
21.52,81.6,97.6,82.0,84.3,17.22,ERROR_ULTRASONIC
20.65,56.8,10.6,94.2,6.0,5.67,ERROR_ULTRASONIC
5.12,43.7,47.5,76.4,18.3,59.11,ERROR_CAM
19.53,80.8,53.2,92.9,42.4,41.12,PRECAUCIO_TEMP_RAM
3.14,66.4,90.4,30.5,62.0,42.16,PRECAUCIO_CPU
2.56,65.9,39.1,23.7,7.7,17.12,PRECAUCIO_SD
18.6,50.9,39.8,23.9,41.1,33.66,OK
12.3,68.9,35.7,46.0,75.8,63.41,ERROR_CAM
23.28,81.1,30.7,34.6,0.3,42.81,ERROR_ULTRASONIC_SD
3.39,53.8,66.5,61.3,69.6,60.55,ERROR_CAM
24.16,76.8,36.4,28.3,74.0,19.04,ERROR_ULTRASONIC
17.81,51.2,17.2,95.2,26.3,69.39,ERROR_RAM_CAM
21.01,46.4,60.8,24.9,10.1,40.09,ERROR_ULTRASONIC
19.72,54.7,73.4,39.2,81.2,12.99,OK
15.01,63.3,32.2,80.5,60.4,41.89,OK
24.91,79.1,54.2,71.8,72.2,44.66,ERROR_ULTRASONIC
20.38,84.2,97.2,90.2,44.2,38.54,ERROR_ULTRASONIC
24.22,45.2,42.3,41.6,47.6,54.19,ERROR_ULTRASONIC_CAM
12.54,73.0,24.6,53.1,78.9,64.21,ERROR_CAM
24.81,70.3,73.4,52.5,87.6,62.17,ERROR_ULTRASONIC_CAM
0.65,87.9,61.8,89.6,3.4,12.74,ERROR_TEMP_SD
13.76,62.3,74.5,43.5,81.9,9.35,OK
7.4,57.7,22.9,44.7,1.8,63.67,ERROR_SD_CAM
19.04,88.6,58.5,35.2,49.1,61.56,ERROR_TEMP_CAM
18.32,48.1,57.8,84.6,75.2,40.12,OK
8.63,57.1,14.1,25.3,80.6,2.44,OK
0.17,52.7,21.6,31.0,0.7,1.55,ERROR_ULTRASONIC_SD
13.82,89.9,29.1,62.3,76.6,56.84,ERROR_TEMP_CAM
1.59,63.2,59.4,41.4,73.8,3.8,OK
6.01,59.4,31.0,84.1,76.2,69.8,ERROR_CAM
19.56,85.6,11.2,82.9,0.5,45.94,ERROR_TEMP_SD
2.22,74.5,13.1,69.6,28.7,43.31,PRECAUCIO_TEMP
10.5,41.0,61.2,67.8,65.9,53.49,ERROR_CAM
13.77,74.5,15.9,86.5,48.3,53.04,ERROR_CAM
12.14,90.7,87.7,24.9,33.4,29.65,ERROR_TEMP
3.37,63.1,45.4,73.2,62.9,35.93,OK
18.49,53.0,76.3,77.6,32.9,59.07,ERROR_CAM
24.89,48.8,86.6,42.5,96.4,17.56,ERROR_ULTRASONIC
19.9,66.2,99.0,27.6,9.1,67.34,ERROR_CAM
5.41,79.8,81.3,53.2,34.3,66.1,ERROR_CAM
1.47,64.5,41.7,59.0,55.3,41.81,OK
4.2,65.6,25.3,30.5,79.4,9.62,OK
18.11,89.7,54.0,97.3,85.7,40.75,ERROR_TEMP_RAM
19.86,59.0,63.0,64.4,35.8,35.37,OK
2.54,40.3,58.7,81.8,46.2,56.1,ERROR_CAM
19.86,40.1,27.8,72.4,50.0,47.61,OK
10.45,93.1,55.4,50.2,5.1,22.37,ERROR_TEMP
3.92,63.8,43.3,36.6,58.5,37.11,OK
5.86,58.3,97.4,82.8,78.4,56.21,ERROR_CAM
22.05,76.1,49.5,29.2,89.8,15.56,ERROR_ULTRASONIC
14.35,65.5,40.7,64.5,74.9,5.64,OK
0.34,48.8,19.4,41.2,72.0,16.39,ERROR_ULTRASONIC
24.9,60.3,79.3,37.0,42.3,37.95,ERROR_ULTRASONIC
20.34,69.3,76.1,45.3,43.1,59.3,ERROR_ULTRASONIC_CAM
24.57,67.6,47.5,45.9,95.5,17.37,ERROR_ULTRASONIC
23.17,55.7,65.3,40.1,29.8,47.48,ERROR_ULTRASONIC
5.34,45.1,57.5,96.3,40.3,59.36,ERROR_RAM_CAM
0.22,47.8,61.0,33.2,45.6,35.83,ERROR_ULTRASONIC
15.14,48.7,76.2,33.3,54.8,67.63,ERROR_CAM
21.95,62.6,64.0,40.6,79.5,28.86,ERROR_ULTRASONIC
1.01,94.1,36.1,32.3,42.2,21.74,ERROR_TEMP
18.87,84.6,42.7,78.3,42.1,37.92,PRECAUCIO_TEMP
12.95,62.9,54.3,84.6,22.8,7.14,OK
20.57,84.7,67.3,40.3,61.1,50.25,ERROR_ULTRASONIC_CAM
16.2,59.5,88.2,45.0,92.7,38.18,PRECAUCIO_CPU
16.81,59.7,31.5,77.0,71.8,60.7,ERROR_CAM
7.26,93.8,44.6,79.2,61.5,2.68,ERROR_TEMP
18.46,83.9,13.9,58.4,0.4,32.67,ERROR_SD
18.95,75.7,16.8,78.9,11.1,13.67,PRECAUCIO_TEMP_SD
21.59,58.2,78.6,80.2,49.0,48.77,ERROR_ULTRASONIC
16.99,77.1,19.5,33.2,96.6,22.61,PRECAUCIO_TEMP
2.59,70.9,41.2,38.6,72.8,42.78,PRECAUCIO_TEMP
19.3,45.4,25.9,26.2,32.7,11.2,OK
7.91,74.3,72.9,81.1,57.3,66.62,ERROR_CAM
24.75,67.6,53.1,58.5,81.5,21.57,ERROR_ULTRASONIC
11.29,85.5,26.9,27.9,50.1,15.06,ERROR_TEMP
0.85,65.1,62.0,90.0,33.4,53.13,ERROR_CAM
23.54,42.0,81.7,81.9,19.7,55.39,ERROR_ULTRASONIC_CAM
4.41,91.3,86.1,77.1,32.9,58.18,ERROR_TEMP_CAM
14.38,77.7,21.5,74.5,44.1,68.54,ERROR_CAM
11.86,78.2,55.7,85.1,41.0,62.83,ERROR_CAM
22.33,42.4,13.4,77.4,41.3,60.84,ERROR_ULTRASONIC_CAM
7.19,73.3,80.9,84.6,34.6,0.27,PRECAUCIO_TEMP
2.96,59.4,66.1,60.6,66.5,28.15,OK
0.2,43.7,94.6,79.3,86.4,18.45,ERROR_ULTRASONIC
1.83,76.2,63.6,88.0,9.3,32.31,PRECAUCIO_TEMP_SD
9.81,55.2,45.5,49.9,42.4,60.93,ERROR_CAM
5.1,52.7,89.4,59.3,69.1,6.37,PRECAUCIO_CPU
6.3,55.5,50.2,60.7,66.6,28.39,OK
10.47,65.4,56.9,45.4,42.1,62.14,ERROR_CAM
17.6,92.9,40.4,29.7,47.2,9.08,ERROR_TEMP
19.44,47.7,88.1,32.3,29.6,29.99,PRECAUCIO_CPU
11.31,68.2,18.3,60.8,32.7,3.16,OK
13.64,46.1,50.6,47.2,61.9,54.25,ERROR_CAM
21.95,90.8,87.1,42.8,41.0,9.94,ERROR_ULTRASONIC_TEMP
11.53,50.9,93.7,28.1,41.5,51.98,ERROR_CAM
8.3,86.0,34.2,49.7,73.6,51.15,ERROR_TEMP_CAM
18.09,60.7,61.7,81.8,24.5,30.59,OK
1.14,76.7,71.6,39.5,19.3,43.25,PRECAUCIO_TEMP
17.03,49.1,44.8,44.2,81.9,24.46,OK
18.77,84.2,11.6,99.8,89.4,3.91,ERROR_RAM
24.9,66.6,12.5,70.9,73.5,48.92,ERROR_ULTRASONIC
5.59,66.8,45.0,72.9,86.3,56.25,ERROR_CAM
9.46,81.3,62.8,51.7,44.8,68.02,ERROR_CAM
12.36,60.8,75.5,51.2,42.1,26.4,OK
22.59,55.8,18.9,53.6,34.0,7.53,ERROR_ULTRASONIC
15.01,54.9,74.6,41.3,4.9,1.76,ERROR_SD
4.72,93.3,92.0,48.7,39.2,60.41,ERROR_TEMP_CAM
21.9,91.0,37.4,47.1,37.0,15.12,ERROR_ULTRASONIC_TEMP
8.25,45.3,35.3,51.3,46.5,6.59,OK
2.53,56.2,17.1,66.8,49.4,42.63,OK
11.05,47.2,90.1,74.0,25.9,57.1,ERROR_CAM
16.03,92.1,22.6,64.5,0.6,0.45,ERROR_TEMP_SD
19.42,93.4,45.8,22.0,49.1,57.8,ERROR_TEMP_CAM
22.57,77.7,23.7,80.1,83.6,35.27,ERROR_ULTRASONIC
18.94,67.0,72.0,37.2,82.3,64.72,ERROR_CAM
8.38,90.8,17.7,85.1,65.4,36.14,ERROR_TEMP
22.88,44.9,43.1,43.3,47.5,42.54,ERROR_ULTRASONIC
13.53,65.8,99.6,21.8,40.3,16.27,PRECAUCIO_CPU
11.83,79.7,24.1,47.4,55.4,67.14,ERROR_CAM
4.31,74.5,69.5,97.2,60.7,15.05,ERROR_RAM
0.93,52.2,84.8,63.0,16.2,40.45,OK
16.18,86.8,50.5,89.4,54.4,38.74,ERROR_TEMP
21.0,56.8,80.8,94.6,83.3,29.23,ERROR_ULTRASONIC
3.11,60.4,33.5,31.6,30.7,6.18,OK
15.85,61.8,32.4,95.0,85.4,14.03,PRECAUCIO_RAM
11.49,65.4,94.9,56.2,59.5,29.9,PRECAUCIO_CPU
24.93,65.1,17.8,65.6,44.4,55.86,ERROR_ULTRASONIC_CAM
13.75,88.5,43.7,55.2,46.5,40.36,ERROR_TEMP
2.13,54.4,41.1,21.5,80.7,2.32,OK
18.03,61.8,28.2,41.1,41.0,1.47,OK
7.13,64.9,55.7,26.9,1.5,66.13,ERROR_SD_CAM
14.58,89.4,62.6,50.9,17.9,42.93,ERROR_TEMP
22.36,89.9,73.0,45.3,6.9,34.92,ERROR_ULTRASONIC_TEMP
13.33,76.9,98.1,20.7,7.1,15.33,PRECAUCIO_TEMP_CPU_SD
13.98,65.7,84.1,73.9,94.2,2.77,OK
20.89,46.3,61.2,36.3,23.0,5.05,ERROR_ULTRASONIC
16.14,40.2,84.9,77.0,76.0,1.44,OK
4.41,49.1,11.3,23.8,3.8,49.82,ERROR_SD
24.98,94.5,82.0,91.4,67.0,24.76,ERROR_ULTRASONIC_TEMP
24.45,83.1,76.9,72.6,24.3,2.66,ERROR_ULTRASONIC
3.95,56.1,82.2,28.2,88.4,32.22,OK
20.54,58.3,19.1,67.2,46.4,45.33,ERROR_ULTRASONIC
5.27,88.2,63.7,31.9,29.0,46.65,ERROR_TEMP
1.4,66.6,71.7,57.3,62.5,57.36,ERROR_CAM
4.22,85.3,94.6,50.1,82.8,6.8,ERROR_TEMP
4.75,63.0,61.3,46.8,36.1,2.46,OK
14.16,93.0,16.5,34.6,26.0,47.46,ERROR_TEMP
16.98,43.4,50.3,58.0,92.6,12.85,OK
16.11,88.0,27.4,84.1,86.9,69.89,ERROR_TEMP_CAM
0.3,56.9,16.1,87.1,31.2,14.52,ERROR_ULTRASONIC
7.38,50.0,53.4,82.4,24.4,27.12,OK
24.28,79.7,85.7,99.8,34.5,35.68,ERROR_ULTRASONIC_RAM
8.32,82.4,93.0,57.0,90.5,28.82,PRECAUCIO_TEMP_CPU
4.69,65.1,23.9,56.9,68.6,57.49,ERROR_CAM
19.16,47.6,90.8,80.9,56.9,36.11,PRECAUCIO_CPU
22.36,77.8,27.4,57.7,15.5,31.67,ERROR_ULTRASONIC
5.26,66.1,19.5,49.9,32.0,61.36,ERROR_CAM
20.67,58.4,59.6,34.3,91.4,58.53,ERROR_ULTRASONIC_CAM
4.53,89.7,28.0,62.3,30.3,38.22,ERROR_TEMP
5.42,46.7,30.6,27.5,1.8,13.74,ERROR_SD
23.6,69.6,76.9,86.6,14.6,8.91,ERROR_ULTRASONIC
10.94,86.0,96.8,27.1,88.5,48.59,ERROR_TEMP
2.91,87.3,57.0,68.6,3.5,64.3,ERROR_TEMP_SD_CAM
24.46,93.7,81.0,41.7,53.7,33.09,ERROR_ULTRASONIC_TEMP
9.82,84.3,66.8,59.8,20.9,12.24,PRECAUCIO_TEMP
6.98,86.5,17.2,31.3,15.7,31.11,ERROR_TEMP
5.18,61.5,62.7,23.8,21.7,21.7,OK
17.47,59.6,66.4,29.0,61.0,31.85,OK
24.39,63.3,50.4,28.9,11.8,24.3,ERROR_ULTRASONIC
14.62,61.5,76.1,67.2,77.2,21.28,OK
9.12,40.3,79.4,96.5,84.1,59.78,ERROR_RAM_CAM
13.41,68.8,82.1,83.3,7.9,19.13,PRECAUCIO_SD
4.17,72.0,88.8,36.3,5.8,67.64,ERROR_CAM
21.52,58.9,27.3,36.2,48.4,56.92,ERROR_ULTRASONIC_CAM
21.42,59.3,53.8,89.5,52.6,17.72,ERROR_ULTRASONIC
22.47,88.5,46.5,20.2,25.8,45.8,ERROR_ULTRASONIC_TEMP
21.18,43.2,12.4,35.6,88.2,47.82,ERROR_ULTRASONIC
8.38,83.0,82.0,63.2,60.2,39.97,PRECAUCIO_TEMP
14.09,85.2,65.6,32.5,22.5,23.03,ERROR_TEMP
12.82,55.8,11.4,78.7,63.2,5.18,OK
4.74,90.6,89.2,85.9,95.8,34.76,ERROR_TEMP
15.71,79.8,82.2,37.1,81.6,40.16,PRECAUCIO_TEMP
13.25,60.2,16.5,25.7,89.0,63.12,ERROR_CAM
2.67,57.4,24.9,68.3,0.6,27.8,ERROR_SD
0.59,84.5,94.2,47.8,49.1,31.6,PRECAUCIO_TEMP_CPU
6.08,71.8,30.4,96.4,20.9,36.36,ERROR_RAM
4.14,49.4,68.2,69.3,95.3,50.79,ERROR_CAM
11.86,84.8,98.3,63.7,55.9,20.68,PRECAUCIO_TEMP_CPU
21.94,54.9,39.6,64.3,59.1,56.87,ERROR_ULTRASONIC_CAM
10.77,68.9,61.7,74.8,49.2,14.61,OK
1.66,85.8,59.9,74.6,91.7,7.78,ERROR_TEMP
24.49,85.5,47.4,95.9,56.5,19.71,ERROR_ULTRASONIC_TEMP_RAM
1.04,87.9,81.2,27.7,61.3,37.93,ERROR_TEMP
13.14,90.9,42.8,95.2,85.5,35.82,ERROR_TEMP_RAM
8.59,51.6,14.8,79.7,3.6,25.34,ERROR_SD
7.51,80.3,84.0,43.8,26.2,29.84,PRECAUCIO_TEMP
0.32,66.3,71.0,96.5,76.5,36.2,ERROR_ULTRASONIC_RAM
1.67,51.3,75.5,70.4,8.1,40.73,PRECAUCIO_SD
10.44,89.3,86.9,84.7,83.1,22.08,ERROR_TEMP
2.24,65.6,73.9,28.3,88.1,43.83,OK
18.94,92.3,79.2,94.2,86.9,57.67,ERROR_TEMP_CAM
4.25,67.5,56.0,64.4,4.3,0.26,ERROR_SD
11.82,63.4,45.6,46.7,57.6,5.96,OK
21.65,65.8,28.3,30.8,29.8,52.96,ERROR_ULTRASONIC_CAM
9.84,57.1,44.4,39.6,86.9,61.86,ERROR_CAM
24.04,63.5,66.0,56.4,98.3,8.5,ERROR_ULTRASONIC
4.34,73.3,50.8,89.6,73.8,63.05,ERROR_CAM
15.51,70.1,46.8,86.4,30.9,61.53,ERROR_CAM
16.25,46.7,90.8,20.3,97.2,13.89,PRECAUCIO_CPU
13.16,73.9,87.0,62.7,20.4,64.61,ERROR_CAM
13.89,72.1,57.8,75.9,59.0,56.07,ERROR_CAM
15.92,47.3,34.3,64.9,6.7,5.99,PRECAUCIO_SD
24.59,47.9,38.3,37.7,24.4,28.5,ERROR_ULTRASONIC
14.33,71.0,97.8,38.7,28.4,9.68,PRECAUCIO_TEMP_CPU
21.83,83.0,30.3,28.4,13.4,66.12,ERROR_ULTRASONIC_CAM
16.65,91.1,79.4,95.1,77.7,21.15,ERROR_TEMP_RAM
3.65,41.5,14.5,29.2,4.7,54.41,ERROR_SD_CAM
3.53,50.7,34.9,65.9,13.4,49.3,PRECAUCIO_SD
12.7,42.8,61.2,30.9,61.6,54.52,ERROR_CAM
14.5,47.9,57.3,26.8,84.6,65.29,ERROR_CAM
0.22,69.3,86.9,45.6,45.6,35.99,ERROR_ULTRASONIC
13.18,74.3,51.6,87.0,92.4,48.93,PRECAUCIO_TEMP
21.47,70.4,68.5,36.7,32.5,56.77,ERROR_ULTRASONIC_CAM
8.63,70.1,31.4,88.8,36.4,18.31,PRECAUCIO_TEMP
8.47,88.0,32.8,76.2,90.0,58.53,ERROR_TEMP_CAM
24.75,42.6,58.2,68.6,86.4,14.62,ERROR_ULTRASONIC
4.32,88.3,17.0,42.1,51.7,27.34,ERROR_TEMP
6.45,79.0,96.0,28.4,65.6,0.36,PRECAUCIO_TEMP_CPU
24.28,62.7,56.6,95.0,24.5,42.21,ERROR_ULTRASONIC
18.12,78.3,45.9,42.6,18.6,2.92,PRECAUCIO_TEMP
5.01,75.5,87.2,95.4,34.8,58.41,ERROR_RAM_CAM
11.91,57.0,75.1,71.8,76.5,28.35,OK
9.61,68.6,75.7,74.2,64.9,27.85,OK
2.94,72.2,60.3,96.7,30.5,47.05,ERROR_RAM
1.08,83.6,11.3,74.4,60.9,7.52,PRECAUCIO_TEMP
23.47,92.4,97.0,79.5,6.3,50.1,ERROR_ULTRASONIC_TEMP_CAM
1.0,52.0,57.2,31.7,74.4,24.3,OK
8.57,88.5,26.1,85.0,20.9,62.66,ERROR_TEMP_CAM
0.33,44.6,17.4,65.5,40.7,41.71,ERROR_ULTRASONIC
21.92,91.9,91.0,61.1,85.9,31.86,ERROR_ULTRASONIC_TEMP
10.76,78.7,31.0,74.5,77.7,36.02,PRECAUCIO_TEMP
12.95,41.5,88.0,41.7,85.5,69.1,ERROR_CAM
4.01,47.0,39.4,37.8,46.5,31.14,OK
11.04,56.3,99.4,86.5,87.7,26.36,PRECAUCIO_CPU
1.28,50.0,38.9,91.0,6.2,22.98,PRECAUCIO_RAM_SD
4.67,64.8,94.3,69.9,76.3,63.63,ERROR_CAM
10.0,91.3,99.8,24.3,55.5,2.04,ERROR_TEMP
19.05,54.4,10.1,61.3,23.7,44.53,OK
13.77,88.9,69.0,63.4,65.3,26.29,ERROR_TEMP
14.67,89.3,88.3,39.9,33.4,25.6,ERROR_TEMP
21.46,50.1,41.2,80.0,16.5,30.77,ERROR_ULTRASONIC
10.0,49.4,49.1,40.1,38.0,23.39,OK
15.82,70.8,65.4,21.4,45.6,68.42,ERROR_CAM
22.14,54.9,32.0,91.4,3.9,26.85,ERROR_ULTRASONIC_SD
5.0,87.3,48.4,38.5,12.0,50.31,ERROR_TEMP_CAM
23.25,79.6,94.7,94.7,44.0,52.36,ERROR_ULTRASONIC_CAM
20.69,84.7,91.5,83.3,61.4,65.57,ERROR_ULTRASONIC_CAM
19.14,49.7,74.4,87.3,27.8,37.73,OK
15.36,65.3,93.2,31.2,73.1,56.19,ERROR_CAM
7.69,45.6,58.2,66.8,36.3,34.94,OK
17.95,66.0,17.3,60.8,98.1,0.07,OK
1.31,78.6,89.7,42.0,12.9,28.53,PRECAUCIO_TEMP_CPU_SD
16.09,54.5,15.8,84.1,86.9,35.78,OK
16.27,46.7,15.8,85.2,50.4,9.15,OK
7.91,54.0,27.3,69.9,55.5,38.23,OK
2.11,91.3,19.7,73.1,54.6,46.13,ERROR_TEMP
4.71,59.9,79.7,88.5,7.5,46.62,PRECAUCIO_SD
3.87,93.0,29.7,96.7,54.9,17.42,ERROR_TEMP_RAM
13.92,58.4,46.4,71.3,66.0,60.8,ERROR_CAM
11.52,46.7,45.5,30.4,88.6,32.37,OK
23.08,67.2,49.2,34.5,37.6,51.78,ERROR_ULTRASONIC_CAM
12.91,79.6,38.3,95.4,66.4,17.51,ERROR_RAM
13.21,89.0,26.4,68.1,13.0,34.2,ERROR_TEMP
16.98,93.3,71.2,67.7,38.2,62.01,ERROR_TEMP_CAM
4.81,94.8,21.6,92.8,80.2,40.08,ERROR_TEMP
15.92,83.7,38.3,48.9,37.5,53.48,ERROR_CAM
7.7,94.3,21.6,92.8,17.0,68.02,ERROR_TEMP_CAM
4.62,72.1,89.1,36.1,64.6,12.06,PRECAUCIO_TEMP_CPU
17.99,85.7,35.1,28.2,47.5,4.36,ERROR_TEMP
14.13,57.1,59.1,84.5,47.1,6.16,OK
16.27,64.0,53.3,53.2,58.6,57.42,ERROR_CAM
10.77,59.5,38.9,94.2,34.6,33.59,PRECAUCIO_RAM
7.36,79.2,81.8,66.2,16.7,8.33,PRECAUCIO_TEMP
3.13,80.9,15.5,58.5,97.5,31.3,PRECAUCIO_TEMP
19.3,52.2,73.3,47.4,64.3,27.65,OK
0.63,44.6,80.7,40.5,7.0,19.58,PRECAUCIO_SD
4.09,66.7,16.7,38.2,59.8,40.81,OK
10.9,86.4,69.7,47.4,74.6,34.33,ERROR_TEMP
3.9,59.3,26.5,66.4,37.4,15.0,OK
11.58,53.7,97.9,22.4,32.5,10.89,PRECAUCIO_CPU
4.11,55.7,97.9,91.7,97.3,40.66,PRECAUCIO_CPU_RAM
2.83,54.9,32.6,27.1,40.6,20.11,OK
8.78,53.7,93.8,38.9,78.4,15.23,PRECAUCIO_CPU
16.85,68.0,42.0,87.8,3.1,34.65,ERROR_SD
10.04,46.6,40.3,94.7,37.0,52.72,ERROR_CAM
5.02,89.8,72.5,81.3,91.7,64.98,ERROR_TEMP_CAM
23.64,69.3,74.4,62.1,22.3,14.95,ERROR_ULTRASONIC
4.5,85.2,53.9,78.7,88.5,37.82,ERROR_TEMP
5.7,46.9,13.8,23.8,85.3,8.38,OK
20.8,87.0,91.4,40.0,24.0,35.05,ERROR_ULTRASONIC_TEMP
19.08,86.9,19.8,35.2,31.4,60.25,ERROR_TEMP_CAM
24.71,75.2,87.1,27.2,66.0,10.1,ERROR_ULTRASONIC
10.43,41.5,89.4,65.5,63.5,67.47,ERROR_CAM
23.72,82.8,57.0,71.2,82.9,39.89,ERROR_ULTRASONIC
14.72,86.4,73.5,25.5,11.6,58.52,ERROR_TEMP_CAM
4.66,89.9,64.0,68.0,15.5,40.13,ERROR_TEMP
22.85,79.9,22.7,39.7,58.2,18.75,ERROR_ULTRASONIC
14.82,85.1,21.5,41.3,8.1,18.29,ERROR_TEMP
12.42,60.2,94.4,47.8,25.1,18.5,PRECAUCIO_CPU
17.94,89.1,29.5,56.1,38.6,25.33,ERROR_TEMP
13.97,51.7,12.0,71.0,29.3,46.65,OK
6.29,80.6,99.3,36.1,45.7,61.73,ERROR_CAM
11.51,92.5,85.5,66.6,54.0,65.94,ERROR_TEMP_CAM
21.22,60.9,14.6,49.6,28.0,12.52,ERROR_ULTRASONIC
1.58,41.8,15.4,76.6,28.3,2.01,OK
23.46,40.3,78.4,48.9,68.1,41.77,ERROR_ULTRASONIC
22.41,53.9,32.2,69.1,93.2,54.46,ERROR_ULTRASONIC_CAM
5.17,51.1,61.8,85.0,96.2,59.87,ERROR_CAM
6.3,52.1,45.0,20.8,81.3,61.53,ERROR_CAM
17.82,53.0,72.7,41.2,29.3,27.44,OK
14.75,75.6,64.4,48.7,36.4,54.17,ERROR_CAM
14.74,89.5,88.7,66.4,59.3,3.26,ERROR_TEMP
12.29,59.9,96.9,36.3,67.9,40.01,PRECAUCIO_CPU
13.55,74.0,49.9,64.3,10.3,8.23,PRECAUCIO_TEMP_SD
11.0,41.4,48.5,90.4,53.2,12.85,PRECAUCIO_RAM
16.8,78.4,90.3,25.7,92.4,23.25,PRECAUCIO_TEMP_CPU
17.33,76.5,63.6,82.5,89.3,32.8,PRECAUCIO_TEMP
20.51,66.3,58.2,70.7,7.7,4.31,ERROR_ULTRASONIC
0.32,92.9,38.6,86.4,96.1,21.75,ERROR_ULTRASONIC_TEMP
16.5,40.7,36.8,37.0,34.2,4.91,OK
13.57,41.1,63.0,29.5,51.6,67.83,ERROR_CAM
3.36,47.2,53.3,93.7,6.1,10.46,PRECAUCIO_RAM_SD
19.66,57.8,77.2,67.5,73.2,22.33,OK
4.7,57.5,66.1,80.5,98.5,4.64,OK
20.68,51.8,49.0,79.7,94.0,11.23,ERROR_ULTRASONIC
14.81,64.8,97.3,95.4,32.8,34.49,ERROR_RAM
6.75,51.2,49.3,37.0,98.2,16.79,OK
11.6,45.0,20.1,72.9,97.4,16.96,OK
6.35,66.7,59.7,67.4,68.0,48.46,OK
12.06,80.7,28.7,92.9,60.6,15.51,PRECAUCIO_TEMP_RAM
7.71,49.8,72.8,43.7,11.2,29.48,PRECAUCIO_SD
3.04,81.7,65.7,24.0,20.7,24.34,PRECAUCIO_TEMP
1.44,76.2,55.8,74.6,20.6,14.37,PRECAUCIO_TEMP
11.5,82.5,39.5,99.9,60.5,18.48,ERROR_RAM
18.62,77.3,61.7,42.2,76.4,47.19,PRECAUCIO_TEMP
24.15,62.4,64.6,26.5,55.8,3.16,ERROR_ULTRASONIC
22.25,80.2,37.8,31.1,57.5,0.08,ERROR_ULTRASONIC
24.06,45.5,25.4,91.3,81.3,43.88,ERROR_ULTRASONIC
10.17,62.0,57.2,98.0,36.0,62.41,ERROR_RAM_CAM
15.72,49.5,59.8,35.5,37.7,27.75,OK
1.62,83.7,95.0,75.0,83.0,23.78,PRECAUCIO_TEMP_CPU
23.76,93.5,59.1,43.7,32.9,51.91,ERROR_ULTRASONIC_TEMP_CAM
0.78,66.3,46.4,21.1,95.9,4.9,OK
6.88,60.8,54.0,36.7,73.3,46.5,OK
8.29,43.3,83.2,58.0,71.5,11.44,OK
17.73,53.0,66.9,95.1,14.3,0.55,ERROR_RAM
14.81,88.2,39.9,94.0,3.3,51.22,ERROR_TEMP_SD_CAM
5.8,41.8,74.5,81.8,67.4,69.19,ERROR_CAM
18.88,95.0,72.8,42.1,90.1,19.0,ERROR_TEMP
4.17,94.2,96.6,33.4,71.4,35.98,ERROR_TEMP
20.07,92.5,57.5,20.8,25.7,51.93,ERROR_ULTRASONIC_TEMP_CAM
0.88,44.1,17.1,85.2,21.1,34.18,OK
8.81,61.2,10.6,93.0,99.9,4.49,PRECAUCIO_RAM
21.89,51.9,56.7,96.1,30.1,6.27,ERROR_ULTRASONIC_RAM
13.04,79.6,61.4,54.4,14.9,52.48,ERROR_CAM
16.38,63.9,32.6,56.7,50.8,23.25,OK
15.93,55.1,51.5,35.7,67.5,20.02,OK
24.25,48.2,19.4,46.5,40.3,3.13,ERROR_ULTRASONIC
8.19,87.8,84.5,48.5,57.2,41.32,ERROR_TEMP
5.64,77.4,68.5,21.3,34.9,46.81,PRECAUCIO_TEMP
6.9,48.6,24.4,73.3,34.8,40.37,OK
11.27,79.0,93.2,58.2,15.9,50.27,ERROR_CAM
24.97,68.0,97.2,95.8,11.8,53.26,ERROR_ULTRASONIC_RAM_CAM
6.75,77.5,83.7,94.0,56.7,43.89,PRECAUCIO_TEMP_RAM
22.83,66.3,17.3,39.6,39.0,48.86,ERROR_ULTRASONIC
2.43,77.0,54.2,85.2,15.0,57.08,ERROR_CAM
21.74,80.9,18.1,56.0,64.7,27.73,ERROR_ULTRASONIC
22.97,62.4,72.8,84.8,59.1,50.03,ERROR_ULTRASONIC_CAM
2.29,64.9,42.7,57.3,79.6,8.65,OK
10.76,63.9,58.8,40.1,82.8,5.15,OK
16.2,93.4,77.8,62.4,52.6,34.31,ERROR_TEMP
3.42,58.5,45.5,64.9,68.3,24.4,OK
11.97,77.3,44.4,55.5,97.9,14.26,PRECAUCIO_TEMP
7.84,62.3,46.1,88.3,48.2,63.88,ERROR_CAM
10.09,91.8,72.5,82.8,11.0,31.21,ERROR_TEMP
9.81,80.1,45.5,57.4,27.6,62.2,ERROR_CAM
19.52,83.1,24.8,43.8,43.7,11.48,PRECAUCIO_TEMP
10.56,75.6,40.5,22.0,9.2,40.09,PRECAUCIO_TEMP_SD
24.68,55.2,64.0,54.0,82.9,15.38,ERROR_ULTRASONIC
13.19,69.5,44.0,23.5,56.7,24.91,OK
9.72,76.3,95.6,56.0,81.2,50.14,ERROR_CAM
7.56,40.4,34.2,97.2,17.9,47.22,ERROR_RAM
22.3,91.8,76.2,54.6,93.1,67.56,ERROR_ULTRASONIC_TEMP_CAM
5.15,88.5,31.7,85.0,84.5,47.75,ERROR_TEMP
8.98,74.4,37.1,83.8,25.1,42.59,PRECAUCIO_TEMP
17.1,88.0,35.6,47.6,79.0,50.67,ERROR_TEMP_CAM
10.22,92.6,52.4,73.2,61.9,55.07,ERROR_TEMP_CAM
3.58,46.0,36.4,28.5,8.8,67.22,ERROR_CAM
24.4,71.8,36.5,68.9,97.4,14.84,ERROR_ULTRASONIC
9.37,52.0,90.0,80.1,60.7,55.27,ERROR_CAM
17.44,58.7,51.4,87.1,45.9,25.82,OK
20.0,90.6,75.5,66.8,20.3,53.38,ERROR_ULTRASONIC_TEMP_CAM
19.63,92.1,26.6,27.5,97.2,44.22,ERROR_TEMP
21.24,47.9,70.1,89.0,55.9,57.04,ERROR_ULTRASONIC_CAM
19.95,47.0,45.7,91.4,93.1,32.07,PRECAUCIO_RAM
21.11,79.1,11.1,78.8,23.6,0.44,ERROR_ULTRASONIC
13.04,51.6,28.0,25.1,64.9,22.44,OK
20.25,74.5,79.3,24.3,36.7,36.41,ERROR_ULTRASONIC
23.61,58.5,17.4,67.9,36.5,13.23,ERROR_ULTRASONIC
4.09,61.4,54.9,63.8,68.8,18.73,OK
13.59,46.1,50.0,68.0,80.7,1.71,OK
17.06,73.1,88.0,81.6,76.9,49.5,PRECAUCIO_TEMP_CPU
9.38,41.2,73.5,83.1,63.6,60.84,ERROR_CAM
19.27,85.7,58.6,74.9,21.7,30.48,ERROR_TEMP
7.73,58.0,86.9,98.6,90.1,64.34,ERROR_RAM_CAM
13.93,73.7,91.9,51.7,35.1,50.45,ERROR_CAM
5.36,52.3,87.9,25.2,36.2,22.66,PRECAUCIO_CPU
9.49,90.2,26.1,27.8,18.7,45.83,ERROR_TEMP
1.65,40.7,12.3,74.4,2.3,61.92,ERROR_SD_CAM
24.27,45.4,80.8,22.5,63.4,29.23,ERROR_ULTRASONIC
11.22,48.3,43.6,77.5,19.4,3.27,OK
10.44,47.2,39.5,82.4,22.1,20.87,OK
2.3,86.8,15.2,71.7,35.0,55.3,ERROR_TEMP_CAM
0.48,47.3,44.6,35.5,66.2,60.29,ERROR_ULTRASONIC_CAM
18.42,40.7,58.3,21.5,7.6,41.78,PRECAUCIO_SD
14.56,54.5,13.4,88.2,82.6,24.97,OK
21.4,56.5,27.7,82.1,32.8,56.58,ERROR_ULTRASONIC_CAM
16.87,55.6,40.9,88.7,54.8,27.87,OK
3.74,77.4,80.6,81.7,88.3,0.92,PRECAUCIO_TEMP
8.15,91.1,37.1,47.8,58.7,5.16,ERROR_TEMP
5.36,61.1,19.1,46.0,8.9,0.76,PRECAUCIO_SD
2.58,56.2,58.7,92.6,16.7,65.9,ERROR_CAM
21.81,46.6,46.6,72.3,55.6,30.5,ERROR_ULTRASONIC
20.2,56.7,74.1,56.7,26.1,37.07,ERROR_ULTRASONIC
18.2,40.4,68.0,24.7,31.0,25.09,OK
15.17,85.3,10.5,90.0,86.9,18.33,ERROR_TEMP
21.67,42.3,80.7,29.8,47.7,20.2,ERROR_ULTRASONIC
7.12,72.5,27.3,25.7,19.9,41.77,PRECAUCIO_TEMP
11.77,52.4,11.5,30.5,40.7,31.14,OK
5.01,92.7,41.8,71.5,98.0,2.73,ERROR_TEMP
10.18,77.9,24.0,97.7,22.2,37.59,ERROR_RAM
2.88,77.1,77.7,36.9,70.0,54.77,ERROR_CAM
0.68,61.3,86.2,99.5,51.6,52.91,ERROR_RAM_CAM
5.33,73.3,39.5,25.1,20.8,31.17,PRECAUCIO_TEMP
11.47,53.8,64.2,69.5,59.2,69.56,ERROR_CAM
8.25,79.7,88.4,56.6,33.3,52.29,ERROR_CAM
2.32,85.1,84.7,36.9,76.3,65.78,ERROR_TEMP_CAM
6.48,41.9,74.7,83.0,75.1,20.83,OK
21.83,57.0,68.3,73.0,67.6,26.93,ERROR_ULTRASONIC
15.6,71.1,11.9,75.5,52.5,35.33,PRECAUCIO_TEMP
8.88,69.9,85.6,89.1,81.0,38.82,PRECAUCIO_CPU
17.34,51.2,46.4,42.1,26.4,65.07,ERROR_CAM
18.03,49.5,84.6,50.0,90.1,11.44,OK
12.52,57.7,45.2,58.8,72.1,69.67,ERROR_CAM
14.4,94.3,10.1,80.6,81.7,48.74,ERROR_TEMP
20.84,43.0,17.9,22.2,57.2,26.37,ERROR_ULTRASONIC
5.45,94.4,47.6,42.0,76.4,40.29,ERROR_TEMP
0.34,54.1,65.1,47.5,32.9,46.7,ERROR_ULTRASONIC
13.06,65.8,84.9,96.2,13.4,35.97,ERROR_RAM
21.32,93.1,53.2,86.9,82.6,62.63,ERROR_ULTRASONIC_TEMP_CAM
13.27,90.7,46.3,72.2,3.2,62.17,ERROR_TEMP_SD_CAM
13.36,87.2,15.8,65.4,10.0,33.79,ERROR_TEMP
11.54,43.5,88.1,23.2,47.1,28.61,PRECAUCIO_CPU
22.57,43.7,62.6,41.5,18.6,10.13,ERROR_ULTRASONIC
4.09,72.3,56.8,43.5,50.9,67.96,ERROR_CAM
0.76,43.4,13.6,89.6,40.7,42.86,OK
9.66,57.2,79.1,50.5,52.9,49.74,OK
10.85,89.4,38.4,39.4,23.5,60.13,ERROR_TEMP_CAM
18.86,60.6,31.1,46.3,70.4,32.41,OK
1.98,70.5,54.3,80.7,85.5,2.61,PRECAUCIO_TEMP
10.41,58.9,15.9,97.1,58.7,11.99,ERROR_RAM
11.52,67.1,55.3,95.6,44.6,31.52,ERROR_RAM
11.02,67.2,87.7,60.9,48.5,21.5,PRECAUCIO_CPU
7.41,92.1,47.8,63.0,5.3,62.18,ERROR_TEMP_CAM
7.92,44.5,88.1,45.6,97.8,40.73,PRECAUCIO_CPU
3.1,80.6,86.6,68.0,68.6,27.25,PRECAUCIO_TEMP_CPU
23.04,65.5,85.1,24.6,46.3,5.87,ERROR_ULTRASONIC
9.62,69.9,28.4,73.7,89.7,38.39,OK
0.39,94.2,99.9,84.4,48.1,49.52,ERROR_ULTRASONIC_TEMP
24.69,64.7,63.4,37.3,24.5,7.02,ERROR_ULTRASONIC
22.6,52.3,40.6,82.2,71.6,26.63,ERROR_ULTRASONIC
20.57,86.1,67.5,36.5,57.1,22.79,ERROR_ULTRASONIC_TEMP
6.81,61.5,87.3,39.1,7.1,62.11,ERROR_CAM
16.14,83.7,15.9,63.8,50.4,9.42,PRECAUCIO_TEMP
9.57,45.9,78.4,96.6,92.6,53.31,ERROR_RAM_CAM
24.13,88.8,43.3,61.5,7.9,0.15,ERROR_ULTRASONIC_TEMP
15.0,48.0,62.6,31.4,67.6,1.57,OK
10.93,59.7,52.9,24.7,64.1,22.77,OK
22.53,91.6,22.8,57.3,23.0,15.85,ERROR_ULTRASONIC_TEMP
8.66,75.5,25.4,21.6,57.6,22.57,PRECAUCIO_TEMP
14.47,44.9,45.8,75.9,68.4,59.43,ERROR_CAM
3.23,43.9,51.6,78.1,69.8,12.13,OK
8.47,84.9,83.4,34.7,62.4,68.46,ERROR_CAM
8.27,53.7,43.1,88.1,36.4,38.15,OK
0.91,41.6,41.9,72.3,11.6,9.85,PRECAUCIO_SD
21.8,53.6,78.5,29.9,92.5,35.8,ERROR_ULTRASONIC
12.27,74.1,68.8,22.2,19.9,7.08,PRECAUCIO_TEMP
13.93,53.4,53.1,43.1,5.5,0.36,PRECAUCIO_SD
5.93,65.2,40.1,20.0,7.8,64.96,ERROR_CAM
22.94,94.0,55.0,76.8,6.0,41.91,ERROR_ULTRASONIC_TEMP
12.49,42.4,28.2,28.2,69.2,67.32,ERROR_CAM
23.18,56.8,32.4,84.5,77.9,46.6,ERROR_ULTRASONIC
11.62,85.4,78.2,89.1,60.0,49.97,ERROR_TEMP
24.23,46.2,12.3,32.2,54.8,41.0,ERROR_ULTRASONIC
20.09,93.0,71.2,72.7,80.8,26.44,ERROR_ULTRASONIC_TEMP
1.73,78.3,90.9,76.0,78.3,24.79,PRECAUCIO_TEMP_CPU
11.71,60.1,90.8,84.4,82.0,51.35,ERROR_CAM
23.81,81.8,45.8,61.6,97.3,43.24,ERROR_ULTRASONIC
10.31,77.4,33.7,21.0,64.3,23.96,PRECAUCIO_TEMP
12.4,85.1,16.2,79.5,57.5,67.89,ERROR_TEMP_CAM
24.51,48.4,20.6,34.3,14.1,19.2,ERROR_ULTRASONIC
5.76,76.3,25.1,33.2,75.2,8.55,PRECAUCIO_TEMP
8.39,70.5,59.1,32.3,83.5,62.5,ERROR_CAM
19.44,81.6,78.5,97.0,32.8,49.54,ERROR_RAM
20.86,81.8,56.5,94.7,76.7,69.6,ERROR_ULTRASONIC_CAM
17.24,54.1,55.6,91.2,13.4,38.19,PRECAUCIO_RAM_SD
3.84,73.2,21.1,30.2,96.0,26.93,PRECAUCIO_TEMP
8.43,54.7,61.1,80.4,91.8,55.68,ERROR_CAM
14.14,68.6,95.0,29.9,94.0,10.88,PRECAUCIO_CPU
4.88,86.4,80.2,22.6,96.6,51.02,ERROR_TEMP_CAM
12.57,48.5,41.3,47.9,59.7,44.15,OK
18.15,88.8,99.1,57.7,37.4,8.03,ERROR_TEMP
12.35,63.5,43.4,89.2,72.5,66.75,ERROR_CAM
0.06,49.2,28.8,61.3,21.8,9.65,ERROR_ULTRASONIC
7.52,49.9,88.8,82.3,39.9,39.12,PRECAUCIO_CPU
6.79,69.7,25.3,43.8,69.4,40.24,OK
16.14,87.8,19.5,95.5,19.5,53.41,ERROR_TEMP_RAM_CAM
18.56,60.9,30.5,76.8,80.1,39.68,OK
23.03,73.4,93.4,59.9,15.2,10.32,ERROR_ULTRASONIC
2.09,70.9,62.9,60.9,32.7,20.34,PRECAUCIO_TEMP
3.24,41.0,83.4,56.2,68.9,12.76,OK
8.35,53.1,34.2,99.7,87.6,61.75,ERROR_RAM_CAM
8.81,93.2,82.5,35.5,32.3,30.89,ERROR_TEMP
17.94,49.9,71.1,43.4,92.7,35.53,OK
18.66,84.0,87.2,33.5,48.1,25.29,PRECAUCIO_TEMP_CPU
9.44,68.3,38.6,52.4,51.7,55.17,ERROR_CAM
24.92,86.0,96.3,56.3,47.4,3.46,ERROR_ULTRASONIC_TEMP
13.86,45.1,35.8,57.0,95.7,10.53,OK
12.64,77.0,39.7,82.5,85.2,8.85,PRECAUCIO_TEMP
11.01,92.8,56.5,99.5,66.0,1.92,ERROR_TEMP_RAM
16.31,47.7,84.5,25.5,51.2,48.36,OK
11.51,48.0,31.0,22.7,18.4,3.0,OK
1.35,77.0,50.0,41.7,65.6,52.32,ERROR_CAM
21.55,77.0,14.4,99.4,91.8,29.13,ERROR_ULTRASONIC_RAM
15.18,54.0,51.9,87.9,2.1,18.32,ERROR_SD
17.31,62.3,97.2,23.5,66.8,30.04,PRECAUCIO_CPU
13.68,43.9,15.1,66.8,7.0,29.02,PRECAUCIO_SD
24.2,74.5,29.7,86.8,1.6,6.51,ERROR_ULTRASONIC_SD
9.99,76.4,53.4,33.5,48.0,56.3,ERROR_CAM
11.35,44.5,85.5,58.4,30.6,1.94,PRECAUCIO_CPU
16.21,88.1,99.4,26.2,62.6,11.94,ERROR_TEMP
10.26,57.8,37.7,62.5,52.2,29.09,OK
7.11,74.3,14.3,79.4,10.4,37.92,PRECAUCIO_TEMP_SD
12.69,62.2,69.5,92.0,77.8,53.81,ERROR_CAM
15.81,75.6,81.5,45.4,92.8,15.54,PRECAUCIO_TEMP
0.75,85.0,27.5,39.1,90.2,66.49,ERROR_TEMP_CAM
3.18,53.7,66.4,29.1,38.5,34.6,OK
14.63,80.1,85.7,45.4,3.3,36.83,ERROR_SD
19.74,61.8,41.0,91.1,72.0,2.46,PRECAUCIO_RAM
14.63,45.7,11.0,87.3,41.7,10.07,OK
17.76,64.3,83.2,23.3,82.6,33.19,OK
0.09,40.7,66.4,68.7,51.6,69.58,ERROR_ULTRASONIC_CAM
3.1,85.9,60.3,99.4,70.8,47.46,ERROR_TEMP_RAM
2.21,41.3,36.6,59.4,8.6,9.57,PRECAUCIO_SD
4.39,54.3,44.2,58.7,94.6,24.9,OK
14.12,40.9,73.6,88.9,21.8,28.4,OK
24.24,69.8,39.2,57.0,38.0,27.22,ERROR_ULTRASONIC
17.31,85.3,41.3,48.3,68.2,27.23,ERROR_TEMP
6.27,85.6,45.2,56.3,38.9,22.99,ERROR_TEMP
20.08,40.2,10.8,99.6,7.4,1.29,ERROR_ULTRASONIC_RAM
23.35,51.2,63.3,46.9,71.9,60.63,ERROR_ULTRASONIC_CAM
12.67,76.7,56.9,46.9,46.4,36.55,PRECAUCIO_TEMP
0.23,49.4,56.5,21.2,39.8,63.81,ERROR_ULTRASONIC_CAM
6.79,67.7,52.5,37.0,52.5,2.32,OK
7.59,85.9,60.8,31.4,14.9,33.5,ERROR_TEMP
5.56,56.0,78.9,57.4,69.0,59.58,ERROR_CAM
8.97,62.0,63.7,71.8,78.1,33.3,OK
14.91,91.6,55.7,41.9,33.5,1.26,ERROR_TEMP
11.04,79.4,49.7,79.2,48.2,1.47,PRECAUCIO_TEMP
18.18,48.2,99.0,56.1,11.9,55.25,ERROR_CAM
6.12,94.2,60.8,82.2,88.3,13.96,ERROR_TEMP
7.97,62.8,58.7,61.0,95.0,56.93,ERROR_CAM
12.4,74.3,15.7,78.1,30.8,51.76,ERROR_CAM
16.26,54.4,24.5,94.7,63.8,37.22,PRECAUCIO_RAM
20.39,70.8,61.2,93.2,37.3,59.24,ERROR_ULTRASONIC_CAM
15.67,74.7,27.7,75.2,25.6,43.81,PRECAUCIO_TEMP
23.21,82.6,51.5,42.3,50.8,0.39,ERROR_ULTRASONIC
6.5,74.6,69.5,33.1,97.2,2.7,PRECAUCIO_TEMP
19.49,86.7,98.3,32.1,15.0,4.14,ERROR_TEMP
4.38,86.3,21.8,44.8,95.8,39.02,ERROR_TEMP
19.25,48.7,82.9,42.5,21.1,6.63,OK
1.68,58.0,16.0,36.7,54.7,39.52,OK
8.4,48.5,78.3,26.7,75.6,52.25,ERROR_CAM
19.07,53.8,32.2,38.3,49.4,59.56,ERROR_CAM
17.39,41.8,48.0,98.8,20.0,35.34,ERROR_RAM
8.71,86.9,36.0,68.9,11.3,2.96,ERROR_TEMP
5.69,56.2,95.1,42.7,0.3,48.3,ERROR_SD
15.9,88.1,98.5,67.0,34.2,46.35,ERROR_TEMP
22.64,83.5,35.5,56.1,54.3,23.86,ERROR_ULTRASONIC
7.52,64.8,47.0,61.9,17.4,13.57,OK
3.2,49.5,60.1,64.1,96.4,10.61,OK
3.94,77.7,24.1,53.2,74.2,5.04,PRECAUCIO_TEMP
20.35,58.1,57.5,29.2,37.5,33.41,ERROR_ULTRASONIC
19.53,91.3,67.1,49.6,18.9,10.17,ERROR_TEMP
22.63,56.3,97.6,88.8,63.2,55.36,ERROR_ULTRASONIC_CAM
15.45,56.7,73.6,98.1,17.2,7.16,ERROR_RAM
21.68,71.7,88.5,22.2,97.1,50.45,ERROR_ULTRASONIC_CAM
9.99,76.0,39.5,44.6,80.3,50.33,ERROR_CAM
5.32,54.7,92.0,48.5,59.4,7.42,PRECAUCIO_CPU
4.12,72.1,83.2,61.3,5.7,55.17,ERROR_CAM
0.88,72.6,74.7,99.6,35.8,60.28,ERROR_RAM_CAM
0.94,65.4,55.5,21.8,58.9,14.66,OK
8.27,45.6,49.3,62.3,6.7,11.89,PRECAUCIO_SD
12.7,83.9,16.1,54.3,68.4,4.4,PRECAUCIO_TEMP
15.31,77.9,18.5,23.5,62.4,61.67,ERROR_CAM
2.2,85.2,98.8,26.5,25.6,55.5,ERROR_TEMP_CAM
21.67,40.5,99.9,77.5,53.8,37.71,ERROR_ULTRASONIC
19.65,68.3,14.9,45.7,8.5,24.36,PRECAUCIO_SD
6.47,92.5,40.3,93.8,83.5,11.17,ERROR_TEMP
9.97,49.7,60.7,46.3,94.8,30.61,OK
12.12,59.9,39.2,97.4,32.3,60.15,ERROR_RAM_CAM
18.21,51.0,74.8,95.9,6.6,32.53,ERROR_RAM
6.67,59.0,97.3,46.8,73.0,15.89,PRECAUCIO_CPU
24.28,71.0,68.0,53.7,23.7,29.89,ERROR_ULTRASONIC
17.5,52.1,48.8,78.3,22.8,5.91,OK
19.22,92.9,79.0,54.2,81.7,56.34,ERROR_TEMP_CAM
19.71,65.2,53.3,87.8,34.8,33.9,OK
19.9,68.6,62.8,97.5,53.0,45.63,ERROR_RAM
10.08,49.1,34.4,55.0,20.1,38.07,OK
6.41,69.9,17.6,69.3,16.1,51.93,ERROR_CAM
9.22,43.8,43.4,87.9,83.6,52.98,ERROR_CAM
20.83,67.6,97.7,64.3,98.6,46.71,ERROR_ULTRASONIC
15.42,77.8,55.4,90.7,8.6,39.32,PRECAUCIO_TEMP_RAM_SD
0.76,46.8,62.4,34.6,90.9,12.25,OK
17.97,92.6,83.8,29.4,28.0,8.25,ERROR_TEMP
8.72,49.0,38.0,73.5,64.0,48.33,OK
8.52,70.7,55.5,39.0,5.6,52.16,ERROR_CAM
3.96,58.8,52.4,96.4,45.2,64.41,ERROR_RAM_CAM
2.36,59.6,68.0,30.4,57.8,30.23,OK
9.11,78.5,64.1,49.7,87.5,13.63,PRECAUCIO_TEMP
2.58,46.0,58.9,95.5,77.6,63.93,ERROR_RAM_CAM
24.61,93.5,37.2,23.3,45.4,38.96,ERROR_ULTRASONIC_TEMP
23.78,48.0,71.3,60.7,88.7,62.24,ERROR_ULTRASONIC_CAM
21.75,71.2,15.4,91.9,51.8,4.33,ERROR_ULTRASONIC
22.45,84.4,96.5,54.9,97.3,14.3,ERROR_ULTRASONIC
8.85,54.9,65.8,84.6,29.0,7.13,OK
16.28,57.4,24.7,71.8,90.4,10.97,OK
23.68,44.2,11.3,41.6,84.1,45.77,ERROR_ULTRASONIC
15.4,90.1,76.6,71.5,33.1,11.63,ERROR_TEMP
21.55,68.5,71.5,68.0,18.4,7.78,ERROR_ULTRASONIC
18.53,80.3,93.8,23.5,37.4,20.1,PRECAUCIO_TEMP_CPU
17.14,54.2,34.8,50.1,58.3,31.95,OK
21.43,52.0,66.0,69.3,33.9,45.03,ERROR_ULTRASONIC
17.49,60.2,31.0,67.9,11.5,33.87,PRECAUCIO_SD
12.99,62.5,78.3,40.1,1.6,55.53,ERROR_SD_CAM
12.37,73.9,94.6,88.5,33.9,30.65,PRECAUCIO_TEMP_CPU
22.77,45.0,34.1,65.6,69.7,52.23,ERROR_ULTRASONIC_CAM
1.58,74.3,79.3,82.6,89.3,53.8,ERROR_CAM
21.19,41.6,93.1,73.6,20.9,68.6,ERROR_ULTRASONIC_CAM
21.85,75.8,76.7,76.4,6.7,22.5,ERROR_ULTRASONIC
14.78,43.4,20.9,32.1,93.7,63.22,ERROR_CAM
21.0,42.1,74.1,33.9,80.2,58.52,ERROR_ULTRASONIC_CAM
22.25,83.7,29.4,83.2,71.6,39.34,ERROR_ULTRASONIC
11.46,41.7,26.9,52.2,47.9,59.65,ERROR_CAM
1.11,42.0,39.3,78.1,56.6,22.5,OK
22.41,86.4,46.9,27.5,8.7,11.51,ERROR_ULTRASONIC_TEMP
11.5,57.0,28.4,37.1,28.6,41.57,OK
3.6,53.4,76.5,84.6,1.4,54.32,ERROR_SD_CAM
2.9,56.9,52.2,96.2,30.6,64.26,ERROR_RAM_CAM
21.16,70.6,62.4,30.2,43.2,65.0,ERROR_ULTRASONIC_CAM
3.55,50.7,55.9,43.8,28.6,33.4,OK
11.31,69.3,56.4,33.1,78.0,4.14,OK
18.6,87.2,16.0,90.5,68.5,8.36,ERROR_TEMP
16.87,61.6,36.2,85.8,77.7,12.01,OK
1.97,47.6,37.2,89.7,18.0,5.89,OK
8.72,76.4,78.1,24.2,55.7,17.34,PRECAUCIO_TEMP
16.01,72.6,86.2,66.0,5.4,38.92,PRECAUCIO_TEMP_CPU_SD
1.73,76.5,31.2,49.2,96.8,21.65,PRECAUCIO_TEMP
24.05,84.5,91.0,23.5,10.4,28.25,ERROR_ULTRASONIC
21.14,43.1,40.2,83.5,73.7,62.48,ERROR_ULTRASONIC_CAM
19.98,73.2,68.6,42.0,75.7,55.0,ERROR_CAM
3.18,50.4,26.0,46.5,0.1,30.02,ERROR_SD
10.79,75.7,22.4,55.6,79.9,10.33,PRECAUCIO_TEMP
17.63,94.2,44.5,86.2,64.0,63.83,ERROR_TEMP_CAM
18.79,71.1,39.5,62.3,87.0,45.79,PRECAUCIO_TEMP
8.1,59.1,86.0,25.5,12.1,63.52,ERROR_CAM
2.05,76.5,52.8,72.8,38.9,16.83,PRECAUCIO_TEMP
2.92,59.5,91.2,68.0,51.2,4.03,PRECAUCIO_CPU
22.67,67.6,17.6,37.8,65.8,5.03,ERROR_ULTRASONIC
19.74,81.5,35.1,79.8,33.5,67.32,ERROR_CAM
24.55,93.6,69.8,29.0,36.4,49.29,ERROR_ULTRASONIC_TEMP
10.01,89.5,39.9,89.3,67.4,22.78,ERROR_TEMP
15.22,63.5,86.8,76.8,26.9,11.85,PRECAUCIO_CPU
7.85,54.3,56.0,25.9,12.2,16.51,PRECAUCIO_SD
12.59,69.3,67.4,86.4,76.7,49.06,OK
8.17,47.3,87.8,38.1,72.2,0.6,PRECAUCIO_CPU
21.21,46.8,96.4,96.2,55.5,67.22,ERROR_ULTRASONIC_RAM_CAM
20.34,75.3,91.3,75.9,68.6,23.08,ERROR_ULTRASONIC
10.38,82.0,50.8,97.3,21.1,5.04,ERROR_RAM
4.65,86.9,48.6,83.6,45.9,22.63,ERROR_TEMP
17.04,58.2,87.6,28.8,56.6,61.29,ERROR_CAM
24.28,44.5,43.3,22.4,9.0,15.97,ERROR_ULTRASONIC
6.11,45.6,84.3,73.8,12.0,65.53,ERROR_CAM
12.97,53.4,82.8,76.4,63.1,27.3,OK
19.06,80.4,65.4,75.1,60.9,5.31,PRECAUCIO_TEMP
24.24,78.5,48.5,65.6,81.3,25.52,ERROR_ULTRASONIC
4.16,67.5,54.6,76.3,74.5,43.25,OK
24.83,90.7,55.4,25.7,79.8,19.28,ERROR_ULTRASONIC_TEMP
5.09,45.0,79.2,85.7,72.4,60.32,ERROR_CAM
9.67,88.9,74.1,39.7,0.5,21.96,ERROR_TEMP_SD
8.39,40.9,99.3,23.5,16.3,32.02,PRECAUCIO_CPU
23.2,90.9,76.9,95.1,47.1,38.32,ERROR_ULTRASONIC_TEMP_RAM
2.48,56.7,78.5,42.9,12.0,38.61,PRECAUCIO_SD
1.59,70.3,25.0,52.2,43.1,16.63,PRECAUCIO_TEMP
21.87,44.4,18.6,45.4,44.8,25.84,ERROR_ULTRASONIC
19.0,46.9,61.4,37.7,16.6,17.3,OK
16.27,80.9,60.9,70.5,25.1,31.74,PRECAUCIO_TEMP
1.82,80.7,57.7,52.0,44.6,47.4,PRECAUCIO_TEMP
6.09,77.4,79.7,97.7,7.7,25.77,ERROR_RAM
2.04,82.2,77.0,34.5,67.9,10.92,PRECAUCIO_TEMP
5.78,59.6,83.1,28.1,15.4,57.09,ERROR_CAM
4.98,84.4,61.6,51.1,84.7,24.24,PRECAUCIO_TEMP
22.73,55.9,89.5,91.6,30.1,40.13,ERROR_ULTRASONIC
4.78,50.7,76.6,72.3,43.7,18.14,OK
11.87,42.9,93.6,21.1,4.1,38.27,ERROR_SD
23.84,79.9,60.9,94.6,66.1,13.0,ERROR_ULTRASONIC
15.93,50.4,20.7,45.5,19.7,60.76,ERROR_CAM
21.19,63.0,19.1,99.2,44.1,11.68,ERROR_ULTRASONIC_RAM
20.59,50.7,34.7,98.3,57.2,34.8,ERROR_ULTRASONIC_RAM
17.95,76.7,49.2,33.6,16.6,57.51,ERROR_CAM
21.6,76.2,57.8,94.3,42.8,43.87,ERROR_ULTRASONIC
0.67,65.3,62.9,25.9,9.8,51.59,ERROR_CAM
8.56,59.9,25.0,75.8,66.9,27.48,OK
18.05,46.9,56.1,65.2,59.1,30.84,OK
21.36,65.5,15.2,92.6,62.6,31.21,ERROR_ULTRASONIC
22.08,68.9,93.3,78.7,98.5,42.36,ERROR_ULTRASONIC
14.77,60.8,30.6,70.8,28.8,5.55,OK
12.43,56.9,74.7,87.2,74.1,21.84,OK
19.97,78.0,15.3,76.4,11.6,56.47,ERROR_CAM
16.19,73.3,82.1,24.4,32.2,27.45,PRECAUCIO_TEMP
10.26,47.5,43.3,43.9,48.7,47.51,OK
19.26,86.2,96.9,32.2,21.2,59.63,ERROR_TEMP_CAM
22.88,60.5,95.9,89.1,50.1,48.6,ERROR_ULTRASONIC
7.34,74.8,48.5,62.2,49.3,40.71,PRECAUCIO_TEMP
9.62,70.3,93.0,71.0,66.5,11.82,PRECAUCIO_TEMP_CPU
6.19,94.5,39.0,96.6,81.1,18.33,ERROR_TEMP_RAM
16.8,72.1,76.0,72.8,71.8,28.07,PRECAUCIO_TEMP
4.39,49.9,94.7,90.4,82.3,45.03,PRECAUCIO_CPU_RAM
19.33,90.6,85.5,48.9,8.9,19.99,ERROR_TEMP
15.29,64.3,92.0,75.5,78.2,40.44,PRECAUCIO_CPU
12.54,46.7,17.4,61.5,66.5,29.85,OK
23.04,40.8,72.9,92.6,90.3,41.47,ERROR_ULTRASONIC
12.23,74.6,14.3,27.8,84.4,64.73,ERROR_CAM
4.87,55.8,73.7,84.8,45.5,68.58,ERROR_CAM
0.25,86.9,90.5,53.1,21.6,69.58,ERROR_ULTRASONIC_TEMP_CAM
20.44,78.4,13.3,53.4,16.2,15.36,ERROR_ULTRASONIC
4.43,50.4,25.3,72.3,84.0,23.93,OK
5.03,64.6,52.7,55.6,87.4,15.16,OK
8.71,89.6,60.0,84.9,75.6,6.21,ERROR_TEMP
17.73,66.4,59.9,74.7,50.4,37.38,OK
15.12,72.6,95.1,91.4,22.2,54.62,ERROR_CAM
3.66,58.1,60.1,29.8,18.3,45.39,OK
6.4,88.9,80.6,60.3,34.2,63.27,ERROR_TEMP_CAM
7.09,65.4,88.1,41.4,95.6,50.46,ERROR_CAM
12.83,51.0,59.9,63.4,11.3,13.51,PRECAUCIO_SD
3.74,78.8,10.3,41.3,95.2,23.72,PRECAUCIO_TEMP
24.72,75.3,77.9,50.6,1.3,17.34,ERROR_ULTRASONIC_SD
7.33,64.7,99.3,67.3,24.5,0.68,PRECAUCIO_CPU
10.2,92.8,36.7,21.7,34.2,35.99,ERROR_TEMP
22.21,42.8,41.8,91.3,5.4,43.15,ERROR_ULTRASONIC
10.99,94.4,50.6,30.3,12.9,13.31,ERROR_TEMP
12.9,93.6,56.0,99.5,62.8,54.55,ERROR_TEMP_RAM_CAM
13.04,75.2,85.7,78.9,38.3,45.98,PRECAUCIO_TEMP_CPU
21.13,79.4,83.8,86.7,70.5,15.9,ERROR_ULTRASONIC
2.01,93.1,54.7,57.7,18.3,36.0,ERROR_TEMP
23.76,58.7,46.4,72.2,70.6,63.21,ERROR_ULTRASONIC_CAM
10.2,77.3,64.8,51.1,10.7,21.45,PRECAUCIO_TEMP_SD
19.61,84.1,82.5,29.7,62.8,29.63,PRECAUCIO_TEMP
1.4,46.7,48.0,58.3,9.7,45.42,PRECAUCIO_SD
2.59,91.1,85.3,63.7,27.3,4.45,ERROR_TEMP
18.58,85.2,91.6,36.7,87.7,12.89,ERROR_TEMP
24.66,89.6,59.9,91.5,46.6,65.51,ERROR_ULTRASONIC_TEMP_CAM
15.09,76.9,63.8,56.5,10.0,16.6,PRECAUCIO_TEMP_SD
16.54,65.1,83.5,33.2,15.6,58.0,ERROR_CAM
4.91,44.5,15.8,99.6,98.5,47.84,ERROR_RAM
12.56,46.7,27.3,41.9,37.1,3.92,OK
2.36,88.6,75.5,28.2,30.5,67.44,ERROR_TEMP_CAM
2.41,88.1,88.4,65.6,53.9,65.71,ERROR_TEMP_CAM
17.74,84.6,38.0,48.9,72.1,3.77,PRECAUCIO_TEMP
22.61,40.7,32.0,55.2,83.5,40.15,ERROR_ULTRASONIC
24.57,80.0,16.8,69.8,64.8,36.73,ERROR_ULTRASONIC
3.63,41.4,27.9,34.8,84.1,18.82,OK
6.74,86.1,34.2,20.2,95.9,26.42,ERROR_TEMP
18.55,65.3,27.8,99.5,81.2,22.36,ERROR_RAM
14.74,49.7,44.7,98.7,3.9,65.02,ERROR_RAM_SD_CAM
19.51,68.1,32.3,26.7,13.0,35.97,PRECAUCIO_SD
18.73,52.9,96.7,32.3,69.5,2.71,PRECAUCIO_CPU
6.97,47.2,27.9,21.1,43.5,33.01,OK
2.88,84.2,56.4,78.9,2.6,42.09,ERROR_SD
24.07,62.5,11.7,56.6,84.8,61.71,ERROR_ULTRASONIC_CAM
18.54,77.9,71.6,62.0,16.5,21.72,PRECAUCIO_TEMP
6.23,63.4,44.8,82.0,97.6,52.08,ERROR_CAM
11.79,64.6,62.9,58.7,34.9,23.27,OK
13.27,93.8,80.3,39.9,3.6,56.77,ERROR_TEMP_SD_CAM
7.2,60.6,43.4,89.5,48.6,8.39,OK
22.79,89.4,58.0,37.1,77.9,1.04,ERROR_ULTRASONIC_TEMP
2.95,49.5,22.2,98.0,22.3,61.31,ERROR_RAM_CAM
5.59,85.0,54.8,73.5,68.3,14.59,ERROR_TEMP
18.53,41.6,87.6,27.5,38.1,0.26,PRECAUCIO_CPU
15.87,70.0,68.5,51.8,44.2,18.8,OK
2.08,85.7,69.6,85.0,25.6,18.11,ERROR_TEMP
3.28,57.8,21.8,71.2,59.4,31.22,OK
1.11,85.0,62.3,34.7,12.4,31.2,ERROR_TEMP
1.77,79.9,74.7,98.0,26.8,61.17,ERROR_RAM_CAM
10.5,75.6,98.1,30.3,26.4,22.62,PRECAUCIO_TEMP_CPU
15.9,44.7,41.9,81.5,3.1,28.24,ERROR_SD
16.21,68.8,16.8,71.2,36.1,28.2,OK
11.7,87.6,39.8,61.4,51.1,1.31,ERROR_TEMP
14.46,82.9,19.4,28.5,76.2,0.9,PRECAUCIO_TEMP
6.14,51.5,90.5,50.1,29.2,20.36,PRECAUCIO_CPU
6.83,58.4,38.0,40.7,14.8,38.32,PRECAUCIO_SD
5.88,69.9,84.8,46.1,87.1,62.85,ERROR_CAM
4.05,86.9,13.2,40.5,25.0,35.31,ERROR_TEMP
18.62,61.2,40.6,75.3,21.6,29.17,OK
18.89,60.1,41.4,78.3,86.0,20.81,OK
17.12,60.3,42.3,89.6,45.3,54.77,ERROR_CAM
7.1,73.1,16.3,41.2,51.5,21.62,PRECAUCIO_TEMP
12.42,43.7,39.1,84.4,98.9,50.13,ERROR_CAM
6.63,91.8,96.4,60.6,77.8,35.33,ERROR_TEMP
5.68,64.4,73.8,57.8,80.4,34.6,OK
7.65,65.1,34.9,29.5,4.1,33.84,ERROR_SD
18.48,53.3,42.9,26.7,48.0,5.06,OK
22.26,55.7,10.4,76.8,26.0,13.39,ERROR_ULTRASONIC
24.86,41.2,22.1,38.7,84.1,4.15,ERROR_ULTRASONIC
0.11,93.2,77.6,23.4,22.9,58.71,ERROR_ULTRASONIC_TEMP_CAM
7.53,77.6,66.7,91.0,15.3,61.33,ERROR_CAM
3.05,93.6,61.3,75.6,37.8,61.89,ERROR_TEMP_CAM
1.9,92.0,95.4,48.3,25.9,5.48,ERROR_TEMP
20.49,54.4,74.0,41.8,31.7,26.09,ERROR_ULTRASONIC
11.44,76.5,80.8,85.7,23.3,11.15,PRECAUCIO_TEMP
7.45,45.2,84.4,38.1,24.7,59.04,ERROR_CAM
8.88,47.9,18.5,38.6,56.7,51.16,ERROR_CAM
22.42,51.7,45.4,23.4,14.0,62.58,ERROR_ULTRASONIC_CAM
4.53,48.0,38.1,74.6,76.9,39.85,OK
17.36,54.7,71.9,48.3,82.1,36.7,OK
23.69,68.6,76.8,31.3,26.7,62.0,ERROR_ULTRASONIC_CAM
22.51,40.8,15.2,77.6,98.8,29.56,ERROR_ULTRASONIC
21.51,84.1,26.0,92.2,2.9,67.61,ERROR_ULTRASONIC_SD_CAM
13.01,61.7,32.8,55.1,26.9,16.73,OK
19.13,64.9,37.5,48.6,2.7,41.24,ERROR_SD
14.79,57.1,59.4,75.9,1.0,60.46,ERROR_SD_CAM
21.72,45.5,79.0,96.3,50.6,12.48,ERROR_ULTRASONIC_RAM
17.94,47.2,47.2,49.4,19.9,56.87,ERROR_CAM
16.82,65.0,24.2,28.8,41.0,60.5,ERROR_CAM
17.52,48.9,36.0,72.9,3.9,0.41,ERROR_SD
21.82,82.9,87.8,83.1,12.2,62.41,ERROR_ULTRASONIC_CAM
5.29,64.7,86.6,37.2,22.4,60.44,ERROR_CAM
24.5,60.4,12.4,99.9,79.5,41.47,ERROR_ULTRASONIC_RAM
9.81,81.1,12.6,82.6,96.9,29.67,PRECAUCIO_TEMP
21.53,83.9,92.3,31.1,73.9,69.84,ERROR_ULTRASONIC_CAM
22.2,94.7,52.2,33.6,62.5,19.63,ERROR_ULTRASONIC_TEMP
10.61,72.6,94.8,47.3,44.4,19.86,PRECAUCIO_TEMP_CPU
17.39,67.3,53.9,73.2,99.0,12.11,OK
16.61,46.4,32.4,54.2,11.7,57.29,ERROR_CAM
23.99,67.1,33.9,44.9,48.1,39.87,ERROR_ULTRASONIC
